id,name,type,borough,address,cross_street,lat,lng,opens,closes,phone,pets,wheelchair,instructions,updated
jacobi,NYC Health + Hospitals/Jacobi,hospital,Bronx,1400 Pelham Parkway South,,40.856603,-73.847523,00:00,24:00,(718) 555-0101,no,yes,"Enter through the Emergency Department doors on Pelham Pkwy South. Tell the front desk you're here to warm up — no appointment needed.",2026-10-04
lincoln,NYC Health + Hospitals/Lincoln,hospital,Bronx,234 East 149th Street,,40.817045,-73.92437,00:00,24:00,(718) 555-0102,no,yes,"Use the main entrance on East 149th St. Security will walk you to the warming area off the main lobby.",2026-10-05
lincoln-bus,Lincoln Warming Bus,bus,Bronx,234 East 149th Street,By the Emergency Department entrance,40.8169,-73.9242,22:00,05:00,(718) 555-0103,yes,no,"The bus parks by the Emergency Department entrance on Morris Ave. Knock on the front door if it's closed.",2026-10-05
north-central-bronx,NYC Health + Hospitals/North Central Bronx,hospital,Bronx,3424 Kossuth Avenue,,40.880535,-73.881035,00:00,24:00,(718) 555-0104,no,yes,"Enter on Kossuth Ave. Elevator to the 2nd floor waiting room is on your right.",2026-09-30
living-room,The Living Room Drop-In Center,dropin,Bronx,800 Barretto Street,At Lafayette Avenue,40.816862,-73.8896,00:00,24:00,(718) 555-0105,yes,yes,"Ring the buzzer at the Barretto St door. Showers and hot meals available.",2026-10-02
kings-county,NYC Health + Hospitals/Kings County,hospital,Brooklyn,451 Clarkson Avenue,,40.656588,-73.944896,00:00,24:00,(718) 555-0106,no,yes,"Enter Building A from Clarkson Ave. Warming area is past the security desk on the left.",2026-10-03
south-brooklyn,NYC Health + Hospitals/South Brooklyn Health,hospital,Brooklyn,2601 Ocean Parkway,,40.58565,-73.96487,00:00,24:00,(718) 555-0107,no,yes,"Use the Ocean Pkwy entrance. Ask for the warming room at the information desk.",2026-08-14
woodhull,NYC Health + Hospitals/Woodhull,hospital,Brooklyn,760 Broadway,,40.699542,-73.942288,00:00,24:00,(718) 555-0108,no,yes,"Enter on Broadway under the J/M/Z tracks. Warming area is on the ground floor.",2026-10-01
gathering-place,The Gathering Place Drop-In Center,dropin,Brooklyn,2402 Atlantic Avenue,Between Sackman & Jardine,40.675755,-73.905331,09:00,21:00,(718) 555-0109,yes,no,"Entrance is up a short flight of stairs. Staff can help with the step if needed.",2026-09-28
stillwell-bus,Coney Island Stillwell Warming Bus,bus,Brooklyn,Stillwell Av station,At the station entrance/exit,40.5772,-73.9814,00:00,05:00,(718) 555-0110,yes,no,"The bus waits on Surf Ave at the Stillwell Av subway entrance.",2026-10-05
bellevue,NYC Health + Hospitals/Bellevue,hospital,Manhattan,462 1st Avenue,,40.739174,-73.975002,00:00,24:00,(212) 555-0111,no,yes,"Enter through the main lobby on 1st Ave. The warming area is on the ground floor next to the café.",2026-10-04
bellevue-bus,Bellevue Warming Bus,bus,Manhattan,1st Avenue,Between East 27th & 28th Streets,40.73935,-73.9753,22:00,05:00,(212) 555-0112,yes,no,"The bus parks on 1st Ave between E 27th and E 28th St, across from the main entrance.",2026-10-04
harlem,NYC Health + Hospitals/Harlem,hospital,Manhattan,506 Lenox Avenue,,40.814111,-73.939711,00:00,24:00,(212) 555-0113,no,yes,"Use the Lenox Ave entrance at 135th St. Security will direct you.",2026-10-02
metropolitan,NYC Health + Hospitals/Metropolitan,hospital,Manhattan,1901 1st Avenue,,40.785071,-73.944937,00:00,24:00,(212) 555-0114,no,yes,"Enter on 1st Ave at 97th St. Warming area is in the main lobby.",2026-09-29
ninth-ave,9th Avenue Drop-In Center,dropin,Manhattan,771 9th Avenue,,40.764651,-73.988497,07:00,23:00,(212) 555-0115,yes,yes,"Entrance is on 9th Ave between 51st and 52nd St. Lockers available.",2026-10-03
olivieri,Olivieri Drop-In Center,dropin,Manhattan,257 West 30th Street,Between 7th & 8th Avenues,40.749523,-73.994433,00:00,24:00,(212) 555-0116,no,yes,"Ring the bell at the street-level door. Hot drinks available all night.",2026-10-05
pauls-place,Paul's Place Drop-In Center,dropin,Manhattan,114 West 14th Street,,40.737457,-73.997804,08:00,20:00,(212) 555-0117,yes,no,"Enter through the courtyard gate to the left of the main door.",2026-10-01
penn-32,Penn Station 32nd Street Warming Bus,bus,Manhattan,West 32nd Street & 7th Avenue,,40.7497,-73.9912,00:00,05:00,(212) 555-0118,yes,no,"The bus parks on 7th Ave at W 32nd St, outside the station entrance.",2026-10-05
penn-34,Penn Station 34th Street Warming Bus,bus,Manhattan,West 34th Street & 7th Avenue,Across from McDonald's,40.7514,-73.9903,22:00,05:00,(212) 555-0119,yes,no,"The bus parks on 7th Ave at W 34th St, across from McDonald's.",2026-10-05
elmhurst,NYC Health + Hospitals/Elmhurst,hospital,Queens,79-01 Broadway,Elmhurst,40.745023,-73.885989,00:00,24:00,(718) 555-0120,no,yes,"Enter on Broadway. Ask for the warming area at the main information desk.",2026-10-03
elmhurst-bus,Elmhurst Warming Bus,bus,Queens,79-01 Broadway,By the Emergency Department entrance,40.7449,-73.88615,22:00,05:00,(718) 555-0121,yes,no,"The bus parks by the Emergency Department entrance on Baxter Ave.",2026-10-03
queens-hospital,NYC Health + Hospitals/Queens,hospital,Queens,82-68 164th Street,Jamaica,40.717004,-73.804176,00:00,24:00,(718) 555-0122,no,yes,"Use the main entrance on 164th St. Warming area is in the ground floor lobby.",2026-10-02
queens-bus,Queens Hospital Warming Bus,bus,Queens,82-68 164th Street,By the Emergency Department entrance,40.71715,-73.804,22:00,05:00,(718) 555-0123,yes,no,"The bus parks by the Emergency Department entrance off Goethals Ave.",2026-10-02
queens-dropin,Queens Drop-In Center,dropin,Queens,100-32 Atlantic Avenue,Richmond Hill,40.689566,-73.842867,00:00,24:00,(718) 555-0124,yes,yes,"Entrance is on Atlantic Ave, near the 102nd St corner. Ramp on the right side.",2026-09-30
union-hall,Union Hall Drop-In Center,dropin,Queens,92-32 Union Hall Street,Jamaica,40.703194,-73.797531,08:00,22:00,(718) 555-0125,no,yes,"Ring the buzzer at the Union Hall St door. Short walk from the Jamaica Center subway station.",2026-08-20
project-hospitality,Project Hospitality Drop-In Center,dropin,Staten Island,150 Richmond Terrace,Between Wall & Schuyler Streets,40.645555,-74.078222,08:00,20:00,(718) 555-0126,yes,yes,"Walking distance from the St. George Ferry Terminal. Enter on Richmond Terrace.",2026-10-04
